STATION,NAME,LATITUDE,LONGITUDE,ELEVATION,DATE,CLDD,DP01,DP10,DT00,DT32,DX32,DX70,DX90,EMNT,EMXP,EMXT,HDSD,HTDD,PRCP,TAVG,TMAX,TMIN
PKM00041780,"JINNAH INTERNATIONAL, PK",24.907,67.161,30.5,2004-02,,0,0,,,0,25,4,,0,92,,,0,,86.4,
PKM00041780,"JINNAH INTERNATIONAL, PK",24.907,67.161,30.5,2004-03,,0,0,,,0,29,28,,0,107,,,0,,97.2,
PKM00041780,"JINNAH INTERNATIONAL, PK",24.907,67.161,30.5,2004-04,,,,,,0,26,26,,,107,,,,,96,
PKM00041780,"JINNAH INTERNATIONAL, PK",24.907,67.161,30.5,2004-05,,0,0,,,0,27,27,,0,110,,,0,,98,
PKM00041780,"JINNAH INTERNATIONAL, PK",24.907,67.161,30.5,2004-06,,0,0,,,0,27,27,,0,110,,,0,,96,
PKM00041780,"JINNAH INTERNATIONAL, PK",24.907,67.161,30.5,2004-07,,,,0,0,,,,75,,,,,,,,81.8
PKM00041780,"JINNAH INTERNATIONAL, PK",24.907,67.161,30.5,2004-08,,1,1,0,0,0,27,15,77,0.22,99,,,0.22,85,90.6,79.4
PKM00041780,"JINNAH INTERNATIONAL, PK",24.907,67.161,30.5,2004-09,,0,0,,,0,28,17,,0,99,,,0,,91.3,
PKM00041780,"JINNAH INTERNATIONAL, PK",24.907,67.161,30.5,2004-10,,2,2,,,,,,,1.04,,,,1.28,,,
PKM00041780,"JINNAH INTERNATIONAL, PK",24.907,67.161,30.5,2004-11,,0,0,,,0,25,17,,0,96,,,0,,91.6,
PKM00041780,"JINNAH INTERNATIONAL, PK",24.907,67.161,30.5,2005-01,,2,2,,,,,,,0.26,,,,0.43,,,
PKM00041780,"JINNAH INTERNATIONAL, PK",24.907,67.161,30.5,2005-02,,1,1,,,,,,,0.27,,,,0.27,,,
PKM00041780,"JINNAH INTERNATIONAL, PK",24.907,67.161,30.5,2005-03,,0,0,,,0,28,9,,0,98,,,0,,88.9,
PKM00041780,"JINNAH INTERNATIONAL, PK",24.907,67.161,30.5,2005-04,,0,0,,,,,,,0,,,,0,,,
PKM00041780,"JINNAH INTERNATIONAL, PK",24.907,67.161,30.5,2005-06,,1,0,,,,,,,0.04,,,,0.04,,,
PKM00041780,"JINNAH INTERNATIONAL, PK",24.907,67.161,30.5,2005-08,,,,,,0,28,14,,,93,,,,,89.7,
PKM00041780,"JINNAH INTERNATIONAL, PK",24.907,67.161,30.5,2005-09,,,,,,0,27,24,,,101,,,,,94.1,
PKM00041780,"JINNAH INTERNATIONAL, PK",24.907,67.161,30.5,2005-10,,,,,,0,29,26,,,104,,,,,96,
PKM00041780,"JINNAH INTERNATIONAL, PK",24.907,67.161,30.5,2006-02,,,,0,0,,,,56,,,,,,,,64.5
PKM00041780,"JINNAH INTERNATIONAL, PK",24.907,67.161,30.5,2006-03,,,,,,0,26,11,,,97,,,,,89.4,
PKM00041780,"JINNAH INTERNATIONAL, PK",24.907,67.161,30.5,2006-05,,,,0,0,,,,78,,,,,,,,81.4
PKM00041780,"JINNAH INTERNATIONAL, PK",24.907,67.161,30.5,2006-06,,,,0,0,0,27,27,82,,107,,,,89.6,95.8,83.4
PKM00041780,"JINNAH INTERNATIONAL, PK",24.907,67.161,30.5,2006-07,583,,,0,0,0,30,25,68,,99,0,0,,87.4,92.6,82.3
PKM00041780,"JINNAH INTERNATIONAL, PK",24.907,67.161,30.5,2006-08,,,,0,0,0,26,7,75,,98,,,,83.9,88.5,79.3
PKM00041780,"JINNAH INTERNATIONAL, PK",24.907,67.161,30.5,2006-09,,,,,,0,27,19,,,104,,,,,93.5,
PKM00041780,"JINNAH INTERNATIONAL, PK",24.907,67.161,30.5,2006-10,,,,,,0,28,28,,,101,,,,,95.3,
PKM00041780,"JINNAH INTERNATIONAL, PK",24.907,67.161,30.5,2006-11,,,,,,0,29,19,,,99,,,,,91.4,
PKM00041780,"JINNAH INTERNATIONAL, PK",24.907,67.161,30.5,2006-12,,,,0,0,0,27,0,51,,86,,,,68.3,79.5,57.1
PKM00041780,"JINNAH INTERNATIONAL, PK",24.907,67.161,30.5,2007-01,,,,,,0,28,0,,,90,,,,,80.9,
PKM00041780,"JINNAH INTERNATIONAL, PK",24.907,67.161,30.5,2007-02,207,,,0,0,0,24,0,58,,90,,0,,74,85.1,62.9
PKM00041780,"JINNAH INTERNATIONAL, PK",24.907,67.161,30.5,2007-03,,,,,,0,29,15,,,95,,,,,88.9,
PKM00041780,"JINNAH INTERNATIONAL, PK",24.907,67.161,30.5,2007-04,,,,,,0,28,28,,,106,,,,,97.2,
PKM00041780,"JINNAH INTERNATIONAL, PK",24.907,67.161,30.5,2007-05,,2,1,,,0,26,26,,1.97,107,,,1.98,,97.1,
PKM00041780,"JINNAH INTERNATIONAL, PK",24.907,67.161,30.5,2007-06,,,,,,0,25,23,,,108,,,,,97.2,
PKM00041780,"JINNAH INTERNATIONAL, PK",24.907,67.161,30.5,2007-07,,4,1,,,0,30,30,,1.57,99,,,1.66,,94.3,
PKM00041780,"JINNAH INTERNATIONAL, PK",24.907,67.161,30.5,2007-09,,,,,,0,28,27,,,104,,,,,94.5,
PKM00041780,"JINNAH INTERNATIONAL, PK",24.907,67.161,30.5,2007-10,,,,,,0,27,26,,,105,,,,,96.8,
PKM00041780,"JINNAH INTERNATIONAL, PK",24.907,67.161,30.5,2007-11,,0,0,,,0,28,21,,0,99,,,0,,92.7,
PKM00041780,"JINNAH INTERNATIONAL, PK",24.907,67.161,30.5,2007-12,,4,2,,,0,30,0,,0.43,87,,,0.73,,80.4,
PKM00041780,"JINNAH INTERNATIONAL, PK",24.907,67.161,30.5,2008-01,,,,,,0,28,0,,,82,,,,,76.2,
PKM00041780,"JINNAH INTERNATIONAL, PK",24.907,67.161,30.5,2008-02,,0,0,0,0,0,22,5,41,0,93,,,0,66.5,81.5,51.5
PKM00041780,"JINNAH INTERNATIONAL, PK",24.907,67.161,30.5,2008-06,,0,0,0,0,0,27,27,83,0,104,,,0,89.9,95.5,84.3
PKM00041780,"JINNAH INTERNATIONAL, PK",24.907,67.161,30.5,2008-07,,2,1,0,0,0,29,26,76,2.13,99,,,2.17,87.2,92.3,82.1
PKM00041780,"JINNAH INTERNATIONAL, PK",24.907,67.161,30.5,2008-08,532,4,3,0,0,0,28,11,79,0.65,92,,0,1.49,84.8,89.3,80.3
PKM00041780,"JINNAH INTERNATIONAL, PK",24.907,67.161,30.5,2008-09,547,0,0,0,0,0,28,22,73,0,108,,0,0,87.2,94.9,79.5
PKM00041780,"JINNAH INTERNATIONAL, PK",24.907,67.161,30.5,2008-10,536,0,0,0,0,0,26,26,68,0,103,,0,0,85.6,96.4,74.9
PKM00041780,"JINNAH INTERNATIONAL, PK",24.907,67.161,30.5,2008-11,,0,0,,,0,26,12,,0,98,,,0,,90.4,
PKM00041780,"JINNAH INTERNATIONAL, PK",24.907,67.161,30.5,2008-12,,3,3,,,0,25,3,,0.4,91,,,0.83,,81,
PKM00041780,"JINNAH INTERNATIONAL, PK",24.907,67.161,30.5,2009-01,,2,0,,,0,28,0,,0.08,85,,,0.12,,79.1,
PKM00041780,"JINNAH INTERNATIONAL, PK",24.907,67.161,30.5,2009-02,,0,0,0,0,0,26,4,54,0,93,,,0,73.6,85.7,61.4
PKM00041780,"JINNAH INTERNATIONAL, PK",24.907,67.161,30.5,2009-03,,0,0,0,0,0,26,18,61,0,101,,,0,80.4,92,68.7
PKM00041780,"JINNAH INTERNATIONAL, PK",24.907,67.161,30.5,2009-04,,0,0,0,0,0,25,24,69,0,108,,,0,85.9,96.9,74.8
PKM00041780,"JINNAH INTERNATIONAL, PK",24.907,67.161,30.5,2009-05,,0,0,,,0,30,30,,0,107,,,0,,98.3,
PKM00041780,"JINNAH INTERNATIONAL, PK",24.907,67.161,30.5,2009-06,,1,1,,,,,,,0.1,,,,0.1,,,
PKM00041780,"JINNAH INTERNATIONAL, PK",24.907,67.161,30.5,2009-07,,5,4,,,0,27,24,,5.61,102,,,6.37,,94.5,
PKM00041780,"JINNAH INTERNATIONAL, PK",24.907,67.161,30.5,2009-08,,3,1,,,0,30,22,,1.63,99,,,1.74,,91.2,
PKM00041780,"JINNAH INTERNATIONAL, PK",24.907,67.161,30.5,2009-09,,1,1,0,0,0,28,22,79,2.71,94,,,2.71,85.5,91.2,79.9
PKM00041780,"JINNAH INTERNATIONAL, PK",24.907,67.161,30.5,2009-10,,0,0,,,0,28,28,,0,107,,,0,,96.6,
PKM00041780,"JINNAH INTERNATIONAL, PK",24.907,67.161,30.5,2009-11,,0,0,,,,,,,0,,,,0,,,
PKM00041780,"JINNAH INTERNATIONAL, PK",24.907,67.161,30.5,2009-12,,1,0,,,0,26,0,,0.04,89,,,0.04,,83.4,
PKM00041780,"JINNAH INTERNATIONAL, PK",24.907,67.161,30.5,2010-01,,0,0,,,0,30,0,,0,86,,,0,,81.6,
PKM00041780,"JINNAH INTERNATIONAL, PK",24.907,67.161,30.5,2010-02,,0,0,,,0,24,5,,0,92,,,0,,84.8,
PKM00041780,"JINNAH INTERNATIONAL, PK",24.907,67.161,30.5,2010-03,,0,0,,,,,,,0,,,,0,,,
PKM00041780,"JINNAH INTERNATIONAL, PK",24.907,67.161,30.5,2010-04,,0,0,0,0,0,28,28,69,0,105,,,0,86.9,96.6,77.2
PKM00041780,"JINNAH INTERNATIONAL, PK",24.907,67.161,30.5,2010-05,,0,0,,,0,28,28,,0,106,,,0,,97.6,
PKM00041780,"JINNAH INTERNATIONAL, PK",24.907,67.161,30.5,2010-06,,2,2,,,0,26,25,,3.04,99,,,3.84,,94.5,
PKM00041780,"JINNAH INTERNATIONAL, PK",24.907,67.161,30.5,2010-07,,9,7,,,,,,,1.51,,,,4.59,,,
PKM00041780,"JINNAH INTERNATIONAL, PK",24.907,67.161,30.5,2010-08,,5,4,,,0,30,27,,2.44,102,,,4.42,,91.9,
PKM00041780,"JINNAH INTERNATIONAL, PK",24.907,67.161,30.5,2010-09,,4,3,,,0,28,26,,0.8,99,,,1.68,,94.5,
PKM00041780,"JINNAH INTERNATIONAL, PK",24.907,67.161,30.5,2010-10,,1,1,,,0,29,29,,1.97,106,,,1.97,,96.8,
PKM00041780,"JINNAH INTERNATIONAL, PK",24.907,67.161,30.5,2010-11,,0,0,,,0,27,18,,0,96,,,0,,90.5,
PKM00041780,"JINNAH INTERNATIONAL, PK",24.907,67.161,30.5,2010-12,,0,0,,,0,30,0,,0,89,,,0,,82.3,
PKM00041780,"JINNAH INTERNATIONAL, PK",24.907,67.161,30.5,2011-01,,1,1,,,0,29,0,,0.33,85,,,0.33,,80.2,
PKM00041780,"JINNAH INTERNATIONAL, PK",24.907,67.161,30.5,2011-02,,1,0,,,0,26,0,,0.04,89,,,0.04,,83.6,
PKM00041780,"JINNAH INTERNATIONAL, PK",24.907,67.161,30.5,2011-03,,0,0,,,0,26,16,,0,104,,,0,,92.5,
PKM00041780,"JINNAH INTERNATIONAL, PK",24.907,67.161,30.5,2011-04,,0,0,,,0,25,24,,0,106,,,0,,96.7,
PKM00041780,"JINNAH INTERNATIONAL, PK",24.907,67.161,30.5,2011-05,,0,0,,,0,26,26,,0,111,,,0,,95.8,
PKM00041780,"JINNAH INTERNATIONAL, PK",24.907,67.161,30.5,2011-06,,0,0,,,0,28,27,,0,104,,,0,,95.4,
PKM00041780,"JINNAH INTERNATIONAL, PK",24.907,67.161,30.5,2011-07,,2,1,,,0,28,27,,0.28,102,,,0.3,,93.7,
PKM00041780,"JINNAH INTERNATIONAL, PK",24.907,67.161,30.5,2011-08,,6,5,,,,,,,0.63,,,,1.63,,,
PKM00041780,"JINNAH INTERNATIONAL, PK",24.907,67.161,30.5,2011-09,,7,5,,,0,28,16,,2.95,101,,,8.4,,91.6,
PKM00041780,"JINNAH INTERNATIONAL, PK",24.907,67.161,30.5,2011-10,,0,0,,,0,29,24,,0,98,,,0,,93.7,
PKM00041780,"JINNAH INTERNATIONAL, PK",24.907,67.161,30.5,2011-11,,0,0,,,0,29,17,,0,97,,,0,,91.2,
PKM00041780,"JINNAH INTERNATIONAL, PK",24.907,67.161,30.5,2011-12,,0,0,,,0,30,5,,0,96,,,0,,83.6,
PKM00041780,"JINNAH INTERNATIONAL, PK",24.907,67.161,30.5,2012-01,,1,0,,,0,26,0,,0.01,81,,,0.01,,78.5,
PKM00041780,"JINNAH INTERNATIONAL, PK",24.907,67.161,30.5,2012-02,,0,0,,,0,27,1,,0,90,,,0,,80.4,
PKM00041780,"JINNAH INTERNATIONAL, PK",24.907,67.161,30.5,2012-03,,0,0,,,0,28,8,,0,100,,,0,,89.1,
PKM00041780,"JINNAH INTERNATIONAL, PK",24.907,67.161,30.5,2012-04,,0,0,,,,,,,0,,,,0,,,
PKM00041780,"JINNAH INTERNATIONAL, PK",24.907,67.161,30.5,2012-05,,0,0,,,0,28,28,,0,108,,,0,,95.4,
PKM00041780,"JINNAH INTERNATIONAL, PK",24.907,67.161,30.5,2012-06,,0,0,,,0,26,26,,0,98,,,0,,93.7,
PKM00041780,"JINNAH INTERNATIONAL, PK",24.907,67.161,30.5,2012-07,,1,0,,,0,31,24,,0.03,97,,,0.03,,91.7,
PKM00041780,"JINNAH INTERNATIONAL, PK",24.907,67.161,30.5,2012-08,,3,1,,,0,27,19,,0.29,99,,,0.32,,91.2,
PKM00041780,"JINNAH INTERNATIONAL, PK",24.907,67.161,30.5,2012-09,,7,6,,,,,,,1.92,,,,3.7,,,
PKM00041780,"JINNAH INTERNATIONAL, PK",24.907,67.161,30.5,2012-10,,1,0,,,0,28,27,,0.03,99,,,0.03,,95.3,
PKM00041780,"JINNAH INTERNATIONAL, PK",24.907,67.161,30.5,2012-11,,0,0,,,0,27,15,,0,97,,,0,,90.6,
PKM00041780,"JINNAH INTERNATIONAL, PK",24.907,67.161,30.5,2012-12,,1,1,,,0,26,0,,0.91,90,,,0.91,,82.7,
PKM00041780,"JINNAH INTERNATIONAL, PK",24.907,67.161,30.5,2014-01,,0,0,,,,,,,0,,,,0,,,
PKM00041780,"JINNAH INTERNATIONAL, PK",24.907,67.161,30.5,2014-02,,0,0,,,,,,,0,,,,0,,,
PKM00041780,"JINNAH INTERNATIONAL, PK",24.907,67.161,30.5,2014-03,,2,1,,,,,,,0.43,,,,0.49,,,
PKM00041780,"JINNAH INTERNATIONAL, PK",24.907,67.161,30.5,2014-04,,0,0,,,,,,,0,,,,0,,,
PKM00041780,"JINNAH INTERNATIONAL, PK",24.907,67.161,30.5,2014-05,,1,0,,,,,,,0.05,,,,0.05,,,
PKM00041780,"JINNAH INTERNATIONAL, PK",24.907,67.161,30.5,2014-06,,0,0,,,,,,,0,,,,0,,,
PKM00041780,"JINNAH INTERNATIONAL, PK",24.907,67.161,30.5,2014-07,,1,0,,,,,,,0.04,,,,0.04,,,
PKM00041780,"JINNAH INTERNATIONAL, PK",24.907,67.161,30.5,2014-08,,3,1,,,,,,,0.35,,,,0.38,,,
PKM00041780,"JINNAH INTERNATIONAL, PK",24.907,67.161,30.5,2014-09,,1,0,,,,,,,0.06,,,,0.06,,,
PKM00041780,"JINNAH INTERNATIONAL, PK",24.907,67.161,30.5,2014-10,,0,0,,,,,,,0,,,,0,,,
PKM00041780,"JINNAH INTERNATIONAL, PK",24.907,67.161,30.5,2014-11,,1,1,,,,,,,0.18,,,,0.18,,,
PKM00041780,"JINNAH INTERNATIONAL, PK",24.907,67.161,30.5,2014-12,,0,0,,,,,,,0,,,,0,,,
PKM00041780,"JINNAH INTERNATIONAL, PK",24.907,67.161,30.5,2015-01,,1,0,,,,,,,0.01,,,,0.01,,,
PKM00041780,"JINNAH INTERNATIONAL, PK",24.907,67.161,30.5,2015-02,,1,0,,,,,,,0.08,,,,0.08,,,
PKM00041780,"JINNAH INTERNATIONAL, PK",24.907,67.161,30.5,2015-03,,2,1,,,,,,,0.1,,,,0.11,,,
PKM00041780,"JINNAH INTERNATIONAL, PK",24.907,67.161,30.5,2015-04,,0,0,,,,,,,0,,,,0,,,
PKM00041780,"JINNAH INTERNATIONAL, PK",24.907,67.161,30.5,2015-05,,0,0,,,,,,,0,,,,0,,,
PKM00041780,"JINNAH INTERNATIONAL, PK",24.907,67.161,30.5,2015-06,,0,0,,,,,,,0,,,,0,,,
PKM00041780,"JINNAH INTERNATIONAL, PK",24.907,67.161,30.5,2015-07,,5,1,,,,,,,0.57,,,,0.74,,,
PKM00041780,"JINNAH INTERNATIONAL, PK",24.907,67.161,30.5,2015-08,,1,0,,,,,,,0.06,,,,0.06,,,
PKM00041780,"JINNAH INTERNATIONAL, PK",24.907,67.161,30.5,2015-09,,0,0,,,,,,,0,,,,0,,,
PKM00041780,"JINNAH INTERNATIONAL, PK",24.907,67.161,30.5,2015-10,,0,0,,,,,,,0,,,,0,,,
PKM00041780,"JINNAH INTERNATIONAL, PK",24.907,67.161,30.5,2015-11,,0,0,,,,,,,0,,,,0,,,
PKM00041780,"JINNAH INTERNATIONAL, PK",24.907,67.161,30.5,2015-12,,0,0,,,,,,,0,,,,0,,,
PKM00041780,"JINNAH INTERNATIONAL, PK",24.907,67.161,30.5,2016-01,,1,1,,,,,,,0.12,,,,0.12,,,
PKM00041780,"JINNAH INTERNATIONAL, PK",24.907,67.161,30.5,2016-02,,0,0,,,,,,,0,,,,0,,,
PKM00041780,"JINNAH INTERNATIONAL, PK",24.907,67.161,30.5,2016-03,,0,0,,,,,,,0,,,,0,,,
PKM00041780,"JINNAH INTERNATIONAL, PK",24.907,67.161,30.5,2016-04,,0,0,,,,,,,0,,,,0,,,
PKM00041780,"JINNAH INTERNATIONAL, PK",24.907,67.161,30.5,2016-05,,0,0,,,,,,,0,,,,0,,,
PKM00041780,"JINNAH INTERNATIONAL, PK",24.907,67.161,30.5,2016-06,,2,2,,,,,,,1.71,,,,2.59,,,
PKM00041780,"JINNAH INTERNATIONAL, PK",24.907,67.161,30.5,2016-07,,4,0,,,,,,,0.06,,,,0.09,,,
PKM00041780,"JINNAH INTERNATIONAL, PK",24.907,67.161,30.5,2016-08,,4,4,,,,,,,1.42,,,,3.81,,,
PKM00041780,"JINNAH INTERNATIONAL, PK",24.907,67.161,30.5,2016-09,,0,0,,,,,,,0,,,,0,,,
PKM00041780,"JINNAH INTERNATIONAL, PK",24.907,67.161,30.5,2016-10,,0,0,,,,,,,0,,,,0,,,
PKM00041780,"JINNAH INTERNATIONAL, PK",24.907,67.161,30.5,2016-11,,0,0,,,,,,,0,,,,0,,,
PKM00041780,"JINNAH INTERNATIONAL, PK",24.907,67.161,30.5,2016-12,,0,0,,,,,,,0,,,,0,,,
PKM00041780,"JINNAH INTERNATIONAL, PK",24.907,67.161,30.5,2017-01,,2,2,,,,,,,0.5,,,,0.63,,,
PKM00041780,"JINNAH INTERNATIONAL, PK",24.907,67.161,30.5,2017-02,,0,0,,,,,,,0,,,,0,,,
PKM00041780,"JINNAH INTERNATIONAL, PK",24.907,67.161,30.5,2017-03,,0,0,,,,,,,0,,,,0,,,
PKM00041780,"JINNAH INTERNATIONAL, PK",24.907,67.161,30.5,2017-04,,1,1,,,,,,,1.57,,,,1.57,,,
PKM00041780,"JINNAH INTERNATIONAL, PK",24.907,67.161,30.5,2017-05,,0,0,,,,,,,0,,,,0,,,
PKM00041780,"JINNAH INTERNATIONAL, PK",24.907,67.161,30.5,2017-06,,4,2,,,,,,,1.37,,,,2.32,,,
PKM00041780,"JINNAH INTERNATIONAL, PK",24.907,67.161,30.5,2017-07,,9,3,,,,,,,0.62,,,,1.31,,,
PKM00041780,"JINNAH INTERNATIONAL, PK",24.907,67.161,30.5,2017-08,,6,3,,,,,,,1.03,,,,2.58,,,
PKM00041780,"JINNAH INTERNATIONAL, PK",24.907,67.161,30.5,2017-09,,2,2,,,,,,,0.87,,,,1.04,,,
PKM00041780,"JINNAH INTERNATIONAL, PK",24.907,67.161,30.5,2017-10,,0,0,,,,,,,0,,,,0,,,
PKM00041780,"JINNAH INTERNATIONAL, PK",24.907,67.161,30.5,2017-11,,0,0,,,,,,,0,,,,0,,,
PKM00041780,"JINNAH INTERNATIONAL, PK",24.907,67.161,30.5,2017-12,,1,1,,,,,,,0.26,,,,0.26,,,
PKM00041780,"JINNAH INTERNATIONAL, PK",24.907,67.161,30.5,2018-01,,0,0,,,,,,,0,,,,0,,,
PKM00041780,"JINNAH INTERNATIONAL, PK",24.907,67.161,30.5,2018-02,,0,0,,,,,,,0,,,,0,,,
PKM00041780,"JINNAH INTERNATIONAL, PK",24.907,67.161,30.5,2018-03,,0,0,,,,,,,0,,,,0,,,
PKM00041780,"JINNAH INTERNATIONAL, PK",24.907,67.161,30.5,2018-04,,0,0,,,,,,,0,,,,0,,,
PKM00041780,"JINNAH INTERNATIONAL, PK",24.907,67.161,30.5,2018-05,,0,0,,,,,,,0,,,,0,,,
PKM00041780,"JINNAH INTERNATIONAL, PK",24.907,67.161,30.5,2018-06,,1,0,,,,,,,0.04,,,,0.04,,,
PKM00041780,"JINNAH INTERNATIONAL, PK",24.907,67.161,30.5,2018-07,,0,0,,,,,,,0,,,,0,,,
PKM00041780,"JINNAH INTERNATIONAL, PK",24.907,67.161,30.5,2018-08,,2,0,,,,,,,0.07,,,,0.1,,,
PKM00041780,"JINNAH INTERNATIONAL, PK",24.907,67.161,30.5,2018-09,,0,0,,,,,,,0,,,,0,,,
PKM00041780,"JINNAH INTERNATIONAL, PK",24.907,67.161,30.5,2018-10,,0,0,,,,,,,0,,,,0,,,
PKM00041780,"JINNAH INTERNATIONAL, PK",24.907,67.161,30.5,2018-11,,0,0,,,,,,,0,,,,0,,,
PKM00041780,"JINNAH INTERNATIONAL, PK",24.907,67.161,30.5,2018-12,,0,0,,,,,,,0,,,,0,,,
PKM00041780,"JINNAH INTERNATIONAL, PK",24.907,67.161,30.5,2019-01,,3,3,,,,,,,1.14,,,,1.55,,,
PKM00041780,"JINNAH INTERNATIONAL, PK",24.907,67.161,30.5,2019-02,,0,0,,,,,,,0,,,,0,,,
PKM00041780,"JINNAH INTERNATIONAL, PK",24.907,67.161,30.5,2019-03,,1,0,,,,,,,0.09,,,,0.09,,,
PKM00041780,"JINNAH INTERNATIONAL, PK",24.907,67.161,30.5,2019-04,,0,0,,,,,,,0,,,,0,,,
PKM00041780,"JINNAH INTERNATIONAL, PK",24.907,67.161,30.5,2019-05,,1,1,,,,,,,1.97,,,,1.97,,,
PKM00041780,"JINNAH INTERNATIONAL, PK",24.907,67.161,30.5,2019-06,,2,1,,,,,,,0.63,,,,0.71,,,
PKM00041780,"JINNAH INTERNATIONAL, PK",24.907,67.161,30.5,2019-07,,7,4,,,,,,,2.1,,,,3.33,,,
PKM00041780,"JINNAH INTERNATIONAL, PK",24.907,67.161,30.5,2019-08,,6,5,,,,,,,4.45,,,,8.18,,,
PKM00041780,"JINNAH INTERNATIONAL, PK",24.907,67.161,30.5,2019-09,,5,4,,,,,,,0.47,,,,1.4,,,
PKM00041780,"JINNAH INTERNATIONAL, PK",24.907,67.161,30.5,2019-10,,1,0,,,,,,,0.05,,,,0.05,,,
PKM00041780,"JINNAH INTERNATIONAL, PK",24.907,67.161,30.5,2019-11,,0,0,,,,,,,0,,,,0,,,
PKM00041780,"JINNAH INTERNATIONAL, PK",24.907,67.161,30.5,2019-12,,0,0,,,,,,,0,,,,0,,,
PKM00041780,"JINNAH INTERNATIONAL, PK",24.907,67.161,30.5,2020-01,,0,0,,,,,,,0,,,,0,,,
PKM00041780,"JINNAH INTERNATIONAL, PK",24.907,67.161,30.5,2020-02,,1,1,,,,,,,0.1,,,,0.1,,,
PKM00041780,"JINNAH INTERNATIONAL, PK",24.907,67.161,30.5,2020-03,,1,1,,,,,,,0.2,,,,0.2,,,
PKM00041780,"JINNAH INTERNATIONAL, PK",24.907,67.161,30.5,2020-04,,0,0,,,,,,,0,,,,0,,,
PKM00041780,"JINNAH INTERNATIONAL, PK",24.907,67.161,30.5,2020-05,,0,0,,,,,,,0,,,,0,,,
PKM00041780,"JINNAH INTERNATIONAL, PK",24.907,67.161,30.5,2020-06,,0,0,,,,,,,0,,,,0,,,
PKM00041780,"JINNAH INTERNATIONAL, PK",24.907,67.161,30.5,2020-07,,9,4,,,,,,,1.95,,,,3.97,,,
PKM00041780,"JINNAH INTERNATIONAL, PK",24.907,67.161,30.5,2020-08,,10,8,,,,,,,4.8,,,,12.44,,,
PKM00041780,"JINNAH INTERNATIONAL, PK",24.907,67.161,30.5,2020-10,,0,0,,,,,,,0,,,,0,,,
PKM00041780,"JINNAH INTERNATIONAL, PK",24.907,67.161,30.5,2020-11,,1,1,,,,,,,0.12,,,,0.12,,,
PKM00041780,"JINNAH INTERNATIONAL, PK",24.907,67.161,30.5,2021-01,,0,0,,,,,,,0,,,,0,,,
PKM00041780,"JINNAH INTERNATIONAL, PK",24.907,67.161,30.5,2021-03,,0,0,,,,,,,0,,,,0,,,
PKM00041780,"JINNAH INTERNATIONAL, PK",24.907,67.161,30.5,2021-04,,0,0,,,,,,,0,,,,0,,,
PKM00041780,"JINNAH INTERNATIONAL, PK",24.907,67.161,30.5,2021-05,,0,0,,,,,,,0,,,,0,,,
PKM00041780,"JINNAH INTERNATIONAL, PK",24.907,67.161,30.5,2021-06,,0,0,,,,,,,0,,,,0,,,
PKM00041780,"JINNAH INTERNATIONAL, PK",24.907,67.161,30.5,2021-07,,6,3,,,,,,,1.18,,,,2.92,,,
PKM00041780,"JINNAH INTERNATIONAL, PK",24.907,67.161,30.5,2021-08,,0,0,,,,,,,0,,,,0,,,
PKM00041780,"JINNAH INTERNATIONAL, PK",24.907,67.161,30.5,2021-09,,7,4,,,,,,,7.56,,,,11.87,,,
PKM00041780,"JINNAH INTERNATIONAL, PK",24.907,67.161,30.5,2021-10,,2,2,,,,,,,2.76,,,,3.16,,,
PKM00041780,"JINNAH INTERNATIONAL, PK",24.907,67.161,30.5,2021-11,,0,0,,,,,,,0,,,,0,,,
PKM00041780,"JINNAH INTERNATIONAL, PK",24.907,67.161,30.5,2021-12,,2,2,,,,,,,0.55,,,,0.67,,,
PKM00041780,"JINNAH INTERNATIONAL, PK",24.907,67.161,30.5,2022-01,,2,2,,,,,,,8.15,,,,11.22,,,
PKM00041780,"JINNAH INTERNATIONAL, PK",24.907,67.161,30.5,2022-02,,1,0,,,,,,,0.02,,,,0.02,,,
PKM00041780,"JINNAH INTERNATIONAL, PK",24.907,67.161,30.5,2022-03,,0,0,,,,,,,0,,,,0,,,
PKM00041780,"JINNAH INTERNATIONAL, PK",24.907,67.161,30.5,2022-04,,0,0,,,,,,,0,,,,0,,,
PKM00041780,"JINNAH INTERNATIONAL, PK",24.907,67.161,30.5,2022-05,,0,0,,,0,29,29,,0,109,,,0,,98.1,
PKM00041780,"JINNAH INTERNATIONAL, PK",24.907,67.161,30.5,2022-06,,,,,,0,30,30,,,104,,,,,96.3,
PKM00041780,"JINNAH INTERNATIONAL, PK",24.907,67.161,30.5,2022-07,,16,11,,,0,29,16,,3.22,99,,,12.04,,91.5,
PKM00041780,"JINNAH INTERNATIONAL, PK",24.907,67.161,30.5,2022-08,,,,,,0,28,13,,,98,,,,,90.1,
PKM00041780,"JINNAH INTERNATIONAL, PK",24.907,67.161,30.5,2022-09,,,,,,0,30,22,,,105,,,,,92.6,
PKM00041780,"JINNAH INTERNATIONAL, PK",24.907,67.161,30.5,2022-10,,,,,,0,27,27,,,102,,,,,96.3,
PKM00041780,"JINNAH INTERNATIONAL, PK",24.907,67.161,30.5,2022-12,,,,,,0,30,0,,,90,,,,,85,
PKM00041780,"JINNAH INTERNATIONAL, PK",24.907,67.161,30.5,2023-01,,0,0,,,0,31,0,,0,85,,,0,,77.9,
PKM00041780,"JINNAH INTERNATIONAL, PK",24.907,67.161,30.5,2023-02,203,0,0,0,0,0,28,10,49,0,94,,0,0,73.7,88.1,59.4
PKM00041780,"JINNAH INTERNATIONAL, PK",24.907,67.161,30.5,2023-03,406,4,1,0,0,0,31,18,64,0.17,98,,0,0.23,80.5,91.8,69.3
PKM00041780,"JINNAH INTERNATIONAL, PK",24.907,67.161,30.5,2023-04,497,1,0,0,0,0,30,25,71,0.09,101,,0,0.09,84.9,94.2,75.6
PKM00041780,"JINNAH INTERNATIONAL, PK",24.907,67.161,30.5,2023-05,686,2,1,0,0,0,31,31,74,0.57,105,,0,0.58,88.7,96.1,81.3
PKM00041780,"JINNAH INTERNATIONAL, PK",24.907,67.161,30.5,2023-06,,1,1,0,0,0,27,27,81,0.16,105,,,0.16,90.8,96.8,84.8
PKM00041780,"JINNAH INTERNATIONAL, PK",24.907,67.161,30.5,2023-07,,7,2,0,0,0,28,26,79,0.89,101,,,1.59,89.5,95,83.9
PKM00041780,"JINNAH INTERNATIONAL, PK",24.907,67.161,30.5,2023-08,547,0,0,0,0,0,30,8,79,0,93,,0,0,84.6,88.6,80.5
PKM00041780,"JINNAH INTERNATIONAL, PK",24.907,67.161,30.5,2023-09,,1,1,,,0,28,24,,0.2,105,,,0.2,,94.2,
PKM00041780,"JINNAH INTERNATIONAL, PK",24.907,67.161,30.5,2023-10,,0,0,,,0,31,31,,0,103,,,0,,95,
PKM00041780,"JINNAH INTERNATIONAL, PK",24.907,67.161,30.5,2023-11,,1,1,,,0,30,15,,0.22,101,,,0.22,,90.9,
PKM00041780,"JINNAH INTERNATIONAL, PK",24.907,67.161,30.5,2023-12,,,,,,0,27,0,,,87,,,,,84.7,
PKM00041780,"JINNAH INTERNATIONAL, PK",24.907,67.161,30.5,2024-01,,,,,,0,26,0,,,85,,,,,81.4,
PKM00041780,"JINNAH INTERNATIONAL, PK",24.907,67.161,30.5,2024-02,223,3,2,0,0,0,29,1,55,2,90,,0,2.39,73,83.7,62.2
PKM00041780,"JINNAH INTERNATIONAL, PK",24.907,67.161,30.5,2024-04,523,1,1,0,0,0,28,24,70,0.59,103,,0,0.59,85.5,94.4,76.6
PKM00041780,"JINNAH INTERNATIONAL, PK",24.907,67.161,30.5,2024-05,773,0,0,0,0,0,30,30,78,0,107,,0,0,90.8,98.8,82.7
PKM00041780,"JINNAH INTERNATIONAL, PK",24.907,67.161,30.5,2024-06,791,1,0,0,0,0,30,30,84,0.02,108,,0,0.02,92.4,98.9,85.9
PKM00041780,"JINNAH INTERNATIONAL, PK",24.907,67.161,30.5,2024-07,,5,4,,,0,30,30,,1.51,105,,,3.33,,97.4,
PKM00041780,"JINNAH INTERNATIONAL, PK",24.907,67.161,30.5,2024-08,,13,9,,,0,29,16,,1.94,96,,,6.18,,90.3,
PKM00041780,"JINNAH INTERNATIONAL, PK",24.907,67.161,30.5,2024-09,536,1,0,0,0,0,28,23,74,0.02,96,,0,0.02,86.6,92.6,80.6
PKM00041780,"JINNAH INTERNATIONAL, PK",24.907,67.161,30.5,2024-10,724,2,1,0,0,0,31,31,74,0.43,104,,0,0.47,89.1,99.1,79.2
